<quizAnswers>
  <quizAnswer answerDate="2022-04-08T11:47:04.669576" completed="true" fraud="false">
    <quiz courseName="Demo Course" courseType="TECNICO" courseExecutionType="TECNICO" acronym="DemoCourse" academicTerm="1st Semester" key="1" />
    <user key="1" />
    <questionAnswers>
      <questionAnswer timeTaken="1" sequence="0" type="multiple_choice">
        <quizQuestion key="1" sequence="0" />
        <option questionKey="4" sequence="2" />
      </questionAnswer>
      <questionAnswer timeTaken="2" sequence="1" type="multiple_choice">
        <quizQuestion key="1" sequence="1" />
        <option questionKey="2" sequence="2" />
      </questionAnswer>
      <questionAnswer timeTaken="3" sequence="2" type="multiple_choice">
        <quizQuestion key="1" sequence="2" />
        <option questionKey="3" sequence="2" />
      </questionAnswer>
      <questionAnswer timeTaken="4" sequence="3" type="multiple_choice">
        <quizQuestion key="1" sequence="3" />
        <option questionKey="5" sequence="2" />
      </questionAnswer>
      <questionAnswer timeTaken="5" sequence="4" type="multiple_choice">
        <quizQuestion key="1" sequence="4" />
        <option questionKey="1" sequence="2" />
      </questionAnswer>
    </questionAnswers>
  </quizAnswer>
  <quizAnswer answerDate="2022-04-08T11:47:04.740024" completed="true" fraud="false">
    <quiz courseName="Demo Course" courseType="TECNICO" courseExecutionType="TECNICO" acronym="DemoCourse" academicTerm="1st Semester" key="1" />
    <user key="4" />
    <questionAnswers>
      <questionAnswer timeTaken="1" sequence="0" type="multiple_choice">
        <quizQuestion key="1" sequence="0" />
        <option questionKey="4" sequence="2" />
      </questionAnswer>
      <questionAnswer timeTaken="2" sequence="1" type="multiple_choice">
        <quizQuestion key="1" sequence="1" />
        <option questionKey="2" sequence="2" />
      </questionAnswer>
      <questionAnswer timeTaken="3" sequence="2" type="multiple_choice">
        <quizQuestion key="1" sequence="2" />
        <option questionKey="3" sequence="2" />
      </questionAnswer>
      <questionAnswer timeTaken="4" sequence="3" type="multiple_choice">
        <quizQuestion key="1" sequence="3" />
        <option questionKey="5" sequence="2" />
      </questionAnswer>
      <questionAnswer timeTaken="5" sequence="4" type="multiple_choice">
        <quizQuestion key="1" sequence="4" />
        <option questionKey="1" sequence="2" />
      </questionAnswer>
    </questionAnswers>
  </quizAnswer>
  <quizAnswer answerDate="2022-04-08T11:47:04.819815" completed="true" fraud="false">
    <quiz courseName="Demo Course" courseType="TECNICO" courseExecutionType="TECNICO" acronym="DemoCourse" academicTerm="1st Semester" key="1" />
    <user key="3" />
    <questionAnswers>
      <questionAnswer timeTaken="1" sequence="0" type="multiple_choice">
        <quizQuestion key="1" sequence="0" />
        <option questionKey="4" sequence="0" />
      </questionAnswer>
      <questionAnswer timeTaken="2" sequence="1" type="multiple_choice">
        <quizQuestion key="1" sequence="1" />
        <option questionKey="2" sequence="0" />
      </questionAnswer>
      <questionAnswer timeTaken="3" sequence="2" type="multiple_choice">
        <quizQuestion key="1" sequence="2" />
        <option questionKey="3" sequence="0" />
      </questionAnswer>
      <questionAnswer timeTaken="4" sequence="3" type="multiple_choice">
        <quizQuestion key="1" sequence="3" />
        <option questionKey="5" sequence="0" />
      </questionAnswer>
      <questionAnswer timeTaken="5" sequence="4" type="multiple_choice">
        <quizQuestion key="1" sequence="4" />
        <option questionKey="1" sequence="0" />
      </questionAnswer>
    </questionAnswers>
  </quizAnswer>
  <quizAnswer answerDate="2022-04-08T11:47:04.909521" completed="true" fraud="false">
    <quiz courseName="Demo Course" courseType="TECNICO" courseExecutionType="TECNICO" acronym="DemoCourse" academicTerm="1st Semester" key="1" />
    <user key="2" />
    <questionAnswers>
      <questionAnswer timeTaken="1" sequence="0" type="multiple_choice">
        <quizQuestion key="1" sequence="0" />
        <option questionKey="4" sequence="2" />
      </questionAnswer>
      <questionAnswer timeTaken="2" sequence="1" type="multiple_choice">
        <quizQuestion key="1" sequence="1" />
        <option questionKey="2" sequence="2" />
      </questionAnswer>
      <questionAnswer timeTaken="3" sequence="2" type="multiple_choice">
        <quizQuestion key="1" sequence="2" />
        <option questionKey="3" sequence="2" />
      </questionAnswer>
      <questionAnswer timeTaken="4" sequence="3" type="multiple_choice">
        <quizQuestion key="1" sequence="3" />
        <option questionKey="5" sequence="2" />
      </questionAnswer>
      <questionAnswer timeTaken="5" sequence="4" type="multiple_choice">
        <quizQuestion key="1" sequence="4" />
        <option questionKey="1" sequence="2" />
      </questionAnswer>
    </questionAnswers>
  </quizAnswer>
  <quizAnswer answerDate="2022-04-08T11:47:05.014111" completed="true" fraud="false">
    <quiz courseName="Demo Course" courseType="TECNICO" courseExecutionType="TECNICO" acronym="DemoCourse" academicTerm="1st Semester" key="1" />
    <user key="5" />
    <questionAnswers>
      <questionAnswer timeTaken="1" sequence="0" type="multiple_choice">
        <quizQuestion key="1" sequence="0" />
        <option questionKey="4" sequence="2" />
      </questionAnswer>
      <questionAnswer timeTaken="2" sequence="1" type="multiple_choice">
        <quizQuestion key="1" sequence="1" />
        <option questionKey="2" sequence="2" />
      </questionAnswer>
      <questionAnswer timeTaken="3" sequence="2" type="multiple_choice">
        <quizQuestion key="1" sequence="2" />
        <option questionKey="3" sequence="2" />
      </questionAnswer>
      <questionAnswer timeTaken="4" sequence="3" type="multiple_choice">
        <quizQuestion key="1" sequence="3" />
        <option questionKey="5" sequence="2" />
      </questionAnswer>
      <questionAnswer timeTaken="5" sequence="4" type="multiple_choice">
        <quizQuestion key="1" sequence="4" />
        <option questionKey="1" sequence="2" />
      </questionAnswer>
    </questionAnswers>
  </quizAnswer>
  <quizAnswer answerDate="2022-04-08T11:47:05.101326" completed="true" fraud="false">
    <quiz courseName="Demo Course" courseType="TECNICO" courseExecutionType="TECNICO" acronym="DemoCourse" academicTerm="1st Semester" key="1" />
    <user key="6" />
    <questionAnswers>
      <questionAnswer timeTaken="1" sequence="0" type="multiple_choice">
        <quizQuestion key="1" sequence="0" />
        <option questionKey="4" sequence="0" />
      </questionAnswer>
      <questionAnswer timeTaken="2" sequence="1" type="multiple_choice">
        <quizQuestion key="1" sequence="1" />
        <option questionKey="2" sequence="0" />
      </questionAnswer>
      <questionAnswer timeTaken="3" sequence="2" type="multiple_choice">
        <quizQuestion key="1" sequence="2" />
        <option questionKey="3" sequence="0" />
      </questionAnswer>
      <questionAnswer timeTaken="4" sequence="3" type="multiple_choice">
        <quizQuestion key="1" sequence="3" />
        <option questionKey="5" sequence="0" />
      </questionAnswer>
      <questionAnswer timeTaken="5" sequence="4" type="multiple_choice">
        <quizQuestion key="1" sequence="4" />
        <option questionKey="1" sequence="0" />
      </questionAnswer>
    </questionAnswers>
  </quizAnswer>
  <quizAnswer answerDate="2022-04-08T11:47:05.201058" completed="true" fraud="false">
    <quiz courseName="Demo Course" courseType="TECNICO" courseExecutionType="TECNICO" acronym="DemoCourse" academicTerm="1st Semester" key="1" />
    <user key="7" />
    <questionAnswers>
      <questionAnswer timeTaken="1" sequence="0" type="multiple_choice">
        <quizQuestion key="1" sequence="0" />
        <option questionKey="4" sequence="3" />
      </questionAnswer>
      <questionAnswer timeTaken="2" sequence="1" type="multiple_choice">
        <quizQuestion key="1" sequence="1" />
        <option questionKey="2" sequence="3" />
      </questionAnswer>
      <questionAnswer timeTaken="3" sequence="2" type="multiple_choice">
        <quizQuestion key="1" sequence="2" />
        <option questionKey="3" sequence="3" />
      </questionAnswer>
      <questionAnswer timeTaken="4" sequence="3" type="multiple_choice">
        <quizQuestion key="1" sequence="3" />
        <option questionKey="5" sequence="3" />
      </questionAnswer>
      <questionAnswer timeTaken="5" sequence="4" type="multiple_choice">
        <quizQuestion key="1" sequence="4" />
        <option questionKey="1" sequence="3" />
      </questionAnswer>
    </questionAnswers>
  </quizAnswer>
  <quizAnswer answerDate="2022-04-08T11:47:05.287759" completed="true" fraud="false">
    <quiz courseName="Demo Course" courseType="TECNICO" courseExecutionType="TECNICO" acronym="DemoCourse" academicTerm="1st Semester" key="1" />
    <user key="8" />
    <questionAnswers>
      <questionAnswer timeTaken="1" sequence="0" type="multiple_choice">
        <quizQuestion key="1" sequence="0" />
        <option questionKey="4" sequence="1" />
      </questionAnswer>
      <questionAnswer timeTaken="2" sequence="1" type="multiple_choice">
        <quizQuestion key="1" sequence="1" />
        <option questionKey="2" sequence="1" />
      </questionAnswer>
      <questionAnswer timeTaken="3" sequence="2" type="multiple_choice">
        <quizQuestion key="1" sequence="2" />
        <option questionKey="3" sequence="1" />
      </questionAnswer>
      <questionAnswer timeTaken="4" sequence="3" type="multiple_choice">
        <quizQuestion key="1" sequence="3" />
        <option questionKey="5" sequence="1" />
      </questionAnswer>
      <questionAnswer timeTaken="5" sequence="4" type="multiple_choice">
        <quizQuestion key="1" sequence="4" />
        <option questionKey="1" sequence="1" />
      </questionAnswer>
    </questionAnswers>
  </quizAnswer>
  <quizAnswer answerDate="2022-04-08T11:47:05.385778" completed="true" fraud="false">
    <quiz courseName="Demo Course" courseType="TECNICO" courseExecutionType="TECNICO" acronym="DemoCourse" academicTerm="1st Semester" key="1" />
    <user key="9" />
    <questionAnswers>
      <questionAnswer timeTaken="1" sequence="0" type="multiple_choice">
        <quizQuestion key="1" sequence="0" />
        <option questionKey="4" sequence="2" />
      </questionAnswer>
      <questionAnswer timeTaken="2" sequence="1" type="multiple_choice">
        <quizQuestion key="1" sequence="1" />
        <option questionKey="2" sequence="2" />
      </questionAnswer>
      <questionAnswer timeTaken="3" sequence="2" type="multiple_choice">
        <quizQuestion key="1" sequence="2" />
        <option questionKey="3" sequence="2" />
      </questionAnswer>
      <questionAnswer timeTaken="4" sequence="3" type="multiple_choice">
        <quizQuestion key="1" sequence="3" />
        <option questionKey="5" sequence="2" />
      </questionAnswer>
      <questionAnswer timeTaken="5" sequence="4" type="multiple_choice">
        <quizQuestion key="1" sequence="4" />
        <option questionKey="1" sequence="2" />
      </questionAnswer>
    </questionAnswers>
  </quizAnswer>
  <quizAnswer answerDate="2022-04-08T11:47:05.505095" completed="true" fraud="false">
    <quiz courseName="Demo Course" courseType="TECNICO" courseExecutionType="TECNICO" acronym="DemoCourse" academicTerm="1st Semester" key="1" />
    <user key="10" />
    <questionAnswers>
      <questionAnswer timeTaken="1" sequence="0" type="multiple_choice">
        <quizQuestion key="1" sequence="0" />
        <option questionKey="4" sequence="2" />
      </questionAnswer>
      <questionAnswer timeTaken="2" sequence="1" type="multiple_choice">
        <quizQuestion key="1" sequence="1" />
        <option questionKey="2" sequence="2" />
      </questionAnswer>
      <questionAnswer timeTaken="3" sequence="2" type="multiple_choice">
        <quizQuestion key="1" sequence="2" />
        <option questionKey="3" sequence="2" />
      </questionAnswer>
      <questionAnswer timeTaken="4" sequence="3" type="multiple_choice">
        <quizQuestion key="1" sequence="3" />
        <option questionKey="5" sequence="2" />
      </questionAnswer>
      <questionAnswer timeTaken="5" sequence="4" type="multiple_choice">
        <quizQuestion key="1" sequence="4" />
        <option questionKey="1" sequence="2" />
      </questionAnswer>
    </questionAnswers>
  </quizAnswer>
</quizAnswers>