<questions>
  <course courseType="TECNICO" courseName="Demo Course">
    <question key="4" content="Question Content 1" title="Question Title 1" status="AVAILABLE" creationDate="2022-04-08T11:47:04.254888Z" type="multiple_choice">
      <topics />
      <options>
        <option sequence="0" content="Option A" correct="true" />
        <option sequence="1" content="Option B" correct="false" />
        <option sequence="2" content="Option C" correct="false" />
        <option sequence="3" content="Option D" correct="false" />
      </options>
    </question>
    <question key="2" content="Question Content 2" title="Question Title 2" status="AVAILABLE" creationDate="2022-04-08T11:47:04.292314Z" type="multiple_choice">
      <topics />
      <options>
        <option sequence="0" content="Option A" correct="true" />
        <option sequence="1" content="Option B" correct="false" />
        <option sequence="2" content="Option C" correct="false" />
        <option sequence="3" content="Option D" correct="false" />
      </options>
    </question>
    <question key="3" content="Question Content 3" title="Question Title 3" status="AVAILABLE" creationDate="2022-04-08T11:47:04.318726Z" type="multiple_choice">
      <topics />
      <options>
        <option sequence="0" content="Option A" correct="true" />
        <option sequence="1" content="Option B" correct="false" />
        <option sequence="2" content="Option C" correct="false" />
        <option sequence="3" content="Option D" correct="false" />
      </options>
    </question>
    <question key="5" content="Question Content 4" title="Question Title 4" status="AVAILABLE" creationDate="2022-04-08T11:47:04.347641Z" type="multiple_choice">
      <topics />
      <options>
        <option sequence="0" content="Option A" correct="true" />
        <option sequence="1" content="Option B" correct="false" />
        <option sequence="2" content="Option C" correct="false" />
        <option sequence="3" content="Option D" correct="false" />
      </options>
    </question>
    <question key="1" content="Question Content 5" title="Question Title 5" status="AVAILABLE" creationDate="2022-04-08T11:47:04.375047Z" type="multiple_choice">
      <topics />
      <options>
        <option sequence="0" content="Option A" correct="true" />
        <option sequence="1" content="Option B" correct="false" />
        <option sequence="2" content="Option C" correct="false" />
        <option sequence="3" content="Option D" correct="false" />
      </options>
    </question>
  </course>
</questions>