<quizzes>
  <quiz courseName="Demo Course" courseType="TECNICO" courseExecutionType="TECNICO" acronym="DemoCourse" academicTerm="1st Semester" key="1" scramble="false" qrCodeOnly="false" oneWay="false" type="PROPOSED" title="12345" creationDate="2022-04-08T11:47:04.425432Z" availableDate="2021-05-01T18:58:00Z" conclusionDate="2025-08-29T21:59:00Z">
    <quizQuestions>
      <quizQuestion sequence="0" questionKey="4" />
      <quizQuestion sequence="1" questionKey="2" />
      <quizQuestion sequence="2" questionKey="3" />
      <quizQuestion sequence="3" questionKey="5" />
      <quizQuestion sequence="4" questionKey="1" />
    </quizQuestions>
  </quiz>
</quizzes>