<users>
  <user key="1" name="Demo-Student-2022-04-08T12:47:03.4560847000.8116069897115271" role="STUDENT" admin="false" creationDate="2022-04-08T11:47:03.464696Z">
    <authUsers>
      <authUser username="demo-student-2022-04-08t12:47:03.4560847000.8116069897115271" email="demo_student@mail.com" type="DEMO" isActive="true" />
    </authUsers>
    <courseExecutions>
      <courseExecution executionId="1" />
    </courseExecutions>
  </user>
  <user key="4" name="Demo-Student-2022-04-08T12:47:03.4561004000.25734398644594536" role="STUDENT" admin="false" creationDate="2022-04-08T11:47:03.463910Z">
    <authUsers>
      <authUser username="demo-student-2022-04-08t12:47:03.4561004000.25734398644594536" email="demo_student@mail.com" type="DEMO" isActive="true" />
    </authUsers>
    <courseExecutions>
      <courseExecution executionId="1" />
    </courseExecutions>
  </user>
  <user key="5" name="Demo-Student-2022-04-08T12:47:03.5252367000.9245446194203208" role="STUDENT" admin="false" creationDate="2022-04-08T11:47:03.528025Z">
    <authUsers>
      <authUser username="demo-student-2022-04-08t12:47:03.5252367000.9245446194203208" email="demo_student@mail.com" type="DEMO" isActive="true" />
    </authUsers>
    <courseExecutions>
      <courseExecution executionId="1" />
    </courseExecutions>
  </user>
  <user key="3" name="Demo-Student-2022-04-08T12:47:03.4561365000.8009361762115068" role="STUDENT" admin="false" creationDate="2022-04-08T11:47:03.464517Z">
    <authUsers>
      <authUser username="demo-student-2022-04-08t12:47:03.4561365000.8009361762115068" email="demo_student@mail.com" type="DEMO" isActive="true" />
    </authUsers>
    <courseExecutions>
      <courseExecution executionId="1" />
    </courseExecutions>
  </user>
  <user key="2" name="Demo-Student-2022-04-08T12:47:03.4560850.46676918498659725" role="STUDENT" admin="false" creationDate="2022-04-08T11:47:03.464744Z">
    <authUsers>
      <authUser username="demo-student-2022-04-08t12:47:03.4560850.46676918498659725" email="demo_student@mail.com" type="DEMO" isActive="true" />
    </authUsers>
    <courseExecutions>
      <courseExecution executionId="1" />
    </courseExecutions>
  </user>
  <user key="6" name="Demo-Student-2022-04-08T12:47:03.6249548000.9606323230089927" role="STUDENT" admin="false" creationDate="2022-04-08T11:47:03.627343Z">
    <authUsers>
      <authUser username="demo-student-2022-04-08t12:47:03.6249548000.9606323230089927" email="demo_student@mail.com" type="DEMO" isActive="true" />
    </authUsers>
    <courseExecutions>
      <courseExecution executionId="1" />
    </courseExecutions>
  </user>
  <user key="7" name="Demo-Student-2022-04-08T12:47:03.7311999000.908767265673412" role="STUDENT" admin="false" creationDate="2022-04-08T11:47:03.733253Z">
    <authUsers>
      <authUser username="demo-student-2022-04-08t12:47:03.7311999000.908767265673412" email="demo_student@mail.com" type="DEMO" isActive="true" />
    </authUsers>
    <courseExecutions>
      <courseExecution executionId="1" />
    </courseExecutions>
  </user>
  <user key="8" name="Demo-Student-2022-04-08T12:47:03.8257593000.837069061885693" role="STUDENT" admin="false" creationDate="2022-04-08T11:47:03.827428Z">
    <authUsers>
      <authUser username="demo-student-2022-04-08t12:47:03.8257593000.837069061885693" email="demo_student@mail.com" type="DEMO" isActive="true" />
    </authUsers>
    <courseExecutions>
      <courseExecution executionId="1" />
    </courseExecutions>
  </user>
  <user key="9" name="Demo-Student-2022-04-08T12:47:03.9257864000.6942526631280403" role="STUDENT" admin="false" creationDate="2022-04-08T11:47:03.927271Z">
    <authUsers>
      <authUser username="demo-student-2022-04-08t12:47:03.9257864000.6942526631280403" email="demo_student@mail.com" type="DEMO" isActive="true" />
    </authUsers>
    <courseExecutions>
      <courseExecution executionId="1" />
    </courseExecutions>
  </user>
  <user key="10" name="Demo-Student-2022-04-08T12:47:04.0202169000.20377447358197187" role="STUDENT" admin="false" creationDate="2022-04-08T11:47:04.021791Z">
    <authUsers>
      <authUser username="demo-student-2022-04-08t12:47:04.0202169000.20377447358197187" email="demo_student@mail.com" type="DEMO" isActive="true" />
    </authUsers>
    <courseExecutions>
      <courseExecution executionId="1" />
    </courseExecutions>
  </user>
  <user key="11" name="Demo Teacher" role="TEACHER" admin="false" creationDate="2022-04-08T11:47:04.095529Z">
    <authUsers>
      <authUser username="demo-teacher" email="demo_teacher@mail.com" type="DEMO" isActive="true" />
    </authUsers>
    <courseExecutions>
      <courseExecution executionId="1" />
    </courseExecutions>
  </user>
</users>